ProductKey,Product Code,SubcategoryKey,Product Name,Sub_Category,Product_Category,Product Line,Model_Name,Product Status
1,AR-5381,NULL,Adjustable Race,NULL,NULL,NULL,NULL,Current
2,BA-8327,NULL,Bearing Ball,NULL,NULL,NULL,NULL,Current
3,BE-2349,NULL,BB Ball Bearing,NULL,NULL,NULL,NULL,Current
4,BE-2908,NULL,Headset Ball Bearings,NULL,NULL,NULL,NULL,Current
5,BL-2036,NULL,Blade,NULL,NULL,NULL,NULL,Current
6,CA-5965,NULL,LL Crankarm,NULL,NULL,NULL,NULL,Current
7,CA-6738,NULL,ML Crankarm,NULL,NULL,NULL,NULL,Current
8,CA-7457,NULL,HL Crankarm,NULL,NULL,NULL,NULL,Current
9,CB-2903,NULL,Chainring Bolts,NULL,NULL,NULL,NULL,Current
10,CN-6137,NULL,Chainring Nut,NULL,NULL,NULL,NULL,Current
11,CR-7833,NULL,Chainring,NULL,NULL,NULL,NULL,Current
12,CR-9981,NULL,Crown Race,NULL,NULL,NULL,NULL,Current
13,CS-2812,NULL,Chain Stays,NULL,NULL,NULL,NULL,Current
14,DC-8732,NULL,Decal 1,NULL,NULL,NULL,NULL,Current
15,DC-9824,NULL,Decal 2,NULL,NULL,NULL,NULL,Current
16,DT-2377,NULL,Down Tube,NULL,NULL,NULL,NULL,Current
17,EC-M092,NULL,Mountain End Caps,NULL,NULL,NULL,NULL,Current
18,EC-R098,NULL,Road End Caps,NULL,NULL,NULL,NULL,Current
19,EC-T209,NULL,Touring End Caps,NULL,NULL,NULL,NULL,Current
20,FE-3760,NULL,Fork End,NULL,NULL,NULL,NULL,Current
21,FH-2981,NULL,Freewheel,NULL,NULL,NULL,NULL,Current
22,FW-1000,NULL,Flat Washer 1,NULL,NULL,NULL,NULL,Current
23,FW-1200,NULL,Flat Washer 6,NULL,NULL,NULL,NULL,Current
24,FW-1400,NULL,Flat Washer 2,NULL,NULL,NULL,NULL,Current
25,FW-3400,NULL,Flat Washer 9,NULL,NULL,NULL,NULL,Current
26,FW-3800,NULL,Flat Washer 4,NULL,NULL,NULL,NULL,Current
27,FW-5160,NULL,Flat Washer 3,NULL,NULL,NULL,NULL,Current
28,FW-5800,NULL,Flat Washer 8,NULL,NULL,NULL,NULL,Current
29,FW-7160,NULL,Flat Washer 5,NULL,NULL,NULL,NULL,Current
30,FW-9160,NULL,Flat Washer 7,NULL,NULL,NULL,NULL,Current
31,FC-3654,NULL,Fork Crown,NULL,NULL,NULL,NULL,Current
32,FC-3982,NULL,Front Derailleur Cage,NULL,NULL,NULL,NULL,Current
33,FL-2301,NULL,Front Derailleur Linkage,NULL,NULL,NULL,NULL,Current
34,GP-0982,NULL,Guide Pulley,NULL,NULL,NULL,NULL,Current
35,GT-0820,NULL,LL Grip Tape,NULL,NULL,NULL,NULL,Current
36,GT-1209,NULL,ML Grip Tape,NULL,NULL,NULL,NULL,Current
37,GT-2908,NULL,HL Grip Tape,NULL,NULL,NULL,NULL,Current
38,HJ-1213,NULL,Thin-Jam Hex Nut 9,NULL,NULL,NULL,NULL,Current
39,HJ-1220,NULL,Thin-Jam Hex Nut 10,NULL,NULL,NULL,NULL,Current
40,HJ-1420,NULL,Thin-Jam Hex Nut 1,NULL,NULL,NULL,NULL,Current
41,HJ-1428,NULL,Thin-Jam Hex Nut 2,NULL,NULL,NULL,NULL,Current
42,HJ-3410,NULL,Thin-Jam Hex Nut 15,NULL,NULL,NULL,NULL,Current
43,HJ-3416,NULL,Thin-Jam Hex Nut 16,NULL,NULL,NULL,NULL,Current
44,HJ-3816,NULL,Thin-Jam Hex Nut 5,NULL,NULL,NULL,NULL,Current
45,HJ-3824,NULL,Thin-Jam Hex Nut 6,NULL,NULL,NULL,NULL,Current
46,HJ-5161,NULL,Thin-Jam Hex Nut 3,NULL,NULL,NULL,NULL,Current
47,HJ-5162,NULL,Thin-Jam Hex Nut 4,NULL,NULL,NULL,NULL,Current
48,HJ-5811,NULL,Thin-Jam Hex Nut 13,NULL,NULL,NULL,NULL,Current
49,HJ-5818,NULL,Thin-Jam Hex Nut 14,NULL,NULL,NULL,NULL,Current
50,HJ-7161,NULL,Thin-Jam Hex Nut 7,NULL,NULL,NULL,NULL,Current
51,HJ-7162,NULL,Thin-Jam Hex Nut 8,NULL,NULL,NULL,NULL,Current
52,HJ-9080,NULL,Thin-Jam Hex Nut 12,NULL,NULL,NULL,NULL,Current
53,HJ-9161,NULL,Thin-Jam Hex Nut 11,NULL,NULL,NULL,NULL,Current
54,HN-1024,NULL,Hex Nut 5,NULL,NULL,NULL,NULL,Current
55,HN-1032,NULL,Hex Nut 6,NULL,NULL,NULL,NULL,Current
56,HN-1213,NULL,Hex Nut 16,NULL,NULL,NULL,NULL,Current
57,HN-1220,NULL,Hex Nut 17,NULL,NULL,NULL,NULL,Current
58,HN-1224,NULL,Hex Nut 7,NULL,NULL,NULL,NULL,Current
59,HN-1420,NULL,Hex Nut 8,NULL,NULL,NULL,NULL,Current
60,HN-1428,NULL,Hex Nut 9,NULL,NULL,NULL,NULL,Current
61,HN-3410,NULL,Hex Nut 22,NULL,NULL,NULL,NULL,Current
62,HN-3416,NULL,Hex Nut 23,NULL,NULL,NULL,NULL,Current
63,HN-3816,NULL,Hex Nut 12,NULL,NULL,NULL,NULL,Current
64,HN-3824,NULL,Hex Nut 13,NULL,NULL,NULL,NULL,Current
65,HN-4402,NULL,Hex Nut 1,NULL,NULL,NULL,NULL,Current
66,HN-5161,NULL,Hex Nut 10,NULL,NULL,NULL,NULL,Current
67,HN-5162,NULL,Hex Nut 11,NULL,NULL,NULL,NULL,Current
68,HN-5400,NULL,Hex Nut 2,NULL,NULL,NULL,NULL,Current
69,HN-5811,NULL,Hex Nut 20,NULL,NULL,NULL,NULL,Current
70,HN-5818,NULL,Hex Nut 21,NULL,NULL,NULL,NULL,Current
71,HN-6320,NULL,Hex Nut 3,NULL,NULL,NULL,NULL,Current
72,HN-7161,NULL,Hex Nut 14,NULL,NULL,NULL,NULL,Current
73,HN-7162,NULL,Hex Nut 15,NULL,NULL,NULL,NULL,Current
74,HN-8320,NULL,Hex Nut 4,NULL,NULL,NULL,NULL,Current
75,HN-9161,NULL,Hex Nut 18,NULL,NULL,NULL,NULL,Current
76,HN-9168,NULL,Hex Nut 19,NULL,NULL,NULL,NULL,Current
77,HT-2981,NULL,Handlebar Tube,NULL,NULL,NULL,NULL,Current
78,HT-8019,NULL,Head Tube,NULL,NULL,NULL,NULL,Current
79,HU-6280,NULL,LL Hub,NULL,NULL,NULL,NULL,Current
80,HU-8998,NULL,HL Hub,NULL,NULL,NULL,NULL,Current
81,KW-4091,NULL,Keyed Washer,NULL,NULL,NULL,NULL,Current
82,LE-1000,NULL,External Lock Washer 3,NULL,NULL,NULL,NULL,Current
83,LE-1200,NULL,External Lock Washer 4,NULL,NULL,NULL,NULL,Current
84,LE-1201,NULL,External Lock Washer 9,NULL,NULL,NULL,NULL,Current
85,LE-1400,NULL,External Lock Washer 5,NULL,NULL,NULL,NULL,Current
86,LE-3800,NULL,External Lock Washer 7,NULL,NULL,NULL,NULL,Current
87,LE-5160,NULL,External Lock Washer 6,NULL,NULL,NULL,NULL,Current
88,LE-6000,NULL,External Lock Washer 1,NULL,NULL,NULL,NULL,Current
89,LE-7160,NULL,External Lock Washer 8,NULL,NULL,NULL,NULL,Current
90,LE-8000,NULL,External Lock Washer 2,NULL,NULL,NULL,NULL,Current
91,LI-1000,NULL,Internal Lock Washer 3,NULL,NULL,NULL,NULL,Current
92,LI-1200,NULL,Internal Lock Washer 4,NULL,NULL,NULL,NULL,Current
93,LI-1201,NULL,Internal Lock Washer 9,NULL,NULL,NULL,NULL,Current
94,LI-1400,NULL,Internal Lock Washer 5,NULL,NULL,NULL,NULL,Current
95,LI-3800,NULL,Internal Lock Washer 7,NULL,NULL,NULL,NULL,Current
96,LI-5160,NULL,Internal Lock Washer 6,NULL,NULL,NULL,NULL,Current
97,LI-5800,NULL,Internal Lock Washer 10,NULL,NULL,NULL,NULL,Current
98,LI-6000,NULL,Internal Lock Washer 1,NULL,NULL,NULL,NULL,Current
99,LI-7160,NULL,Internal Lock Washer 8,NULL,NULL,NULL,NULL,Current
100,LI-8000,NULL,Internal Lock Washer 2,NULL,NULL,NULL,NULL,Current
101,LJ-1213,NULL,Thin-Jam Lock Nut 9,NULL,NULL,NULL,NULL,Current
102,LJ-1220,NULL,Thin-Jam Lock Nut 10,NULL,NULL,NULL,NULL,Current
103,LJ-1420,NULL,Thin-Jam Lock Nut 1,NULL,NULL,NULL,NULL,Current
104,LJ-1428,NULL,Thin-Jam Lock Nut 2,NULL,NULL,NULL,NULL,Current
105,LJ-3410,NULL,Thin-Jam Lock Nut 15,NULL,NULL,NULL,NULL,Current
106,LJ-3416,NULL,Thin-Jam Lock Nut 16,NULL,NULL,NULL,NULL,Current
107,LJ-3816,NULL,Thin-Jam Lock Nut 5,NULL,NULL,NULL,NULL,Current
108,LJ-3824,NULL,Thin-Jam Lock Nut 6,NULL,NULL,NULL,NULL,Current
109,LJ-5161,NULL,Thin-Jam Lock Nut 3,NULL,NULL,NULL,NULL,Current
110,LJ-5162,NULL,Thin-Jam Lock Nut 4,NULL,NULL,NULL,NULL,Current
111,LJ-5811,NULL,Thin-Jam Lock Nut 13,NULL,NULL,NULL,NULL,Current
112,LJ-5818,NULL,Thin-Jam Lock Nut 14,NULL,NULL,NULL,NULL,Current
113,LJ-7161,NULL,Thin-Jam Lock Nut 7,NULL,NULL,NULL,NULL,Current
114,LJ-7162,NULL,Thin-Jam Lock Nut 8,NULL,NULL,NULL,NULL,Current
115,LJ-9080,NULL,Thin-Jam Lock Nut 12,NULL,NULL,NULL,NULL,Current
116,LJ-9161,NULL,Thin-Jam Lock Nut 11,NULL,NULL,NULL,NULL,Current
117,LN-1024,NULL,Lock Nut 5,NULL,NULL,NULL,NULL,Current
118,LN-1032,NULL,Lock Nut 6,NULL,NULL,NULL,NULL,Current
119,LN-1213,NULL,Lock Nut 16,NULL,NULL,NULL,NULL,Current
120,LN-1220,NULL,Lock Nut 17,NULL,NULL,NULL,NULL,Current
121,LN-1224,NULL,Lock Nut 7,NULL,NULL,NULL,NULL,Current
122,LN-1420,NULL,Lock Nut 8,NULL,NULL,NULL,NULL,Current
123,LN-1428,NULL,Lock Nut 9,NULL,NULL,NULL,NULL,Current
124,LN-3410,NULL,Lock Nut 22,NULL,NULL,NULL,NULL,Current
125,LN-3416,NULL,Lock Nut 23,NULL,NULL,NULL,NULL,Current
126,LN-3816,NULL,Lock Nut 12,NULL,NULL,NULL,NULL,Current
127,LN-3824,NULL,Lock Nut 13,NULL,NULL,NULL,NULL,Current
128,LN-4400,NULL,Lock Nut 1,NULL,NULL,NULL,NULL,Current
129,LN-5161,NULL,Lock Nut 10,NULL,NULL,NULL,NULL,Current
130,LN-5162,NULL,Lock Nut 11,NULL,NULL,NULL,NULL,Current
131,LN-5400,NULL,Lock Nut 2,NULL,NULL,NULL,NULL,Current
132,LN-5811,NULL,Lock Nut 20,NULL,NULL,NULL,NULL,Current
133,LN-5818,NULL,Lock Nut 21,NULL,NULL,NULL,NULL,Current
134,LN-6320,NULL,Lock Nut 3,NULL,NULL,NULL,NULL,Current
135,LN-7161,NULL,Lock Nut 14,NULL,NULL,NULL,NULL,Current
136,LN-7162,NULL,Lock Nut 15,NULL,NULL,NULL,NULL,Current
137,LN-8320,NULL,Lock Nut 4,NULL,NULL,NULL,NULL,Current
138,LN-9080,NULL,Lock Nut 19,NULL,NULL,NULL,NULL,Current
139,LN-9161,NULL,Lock Nut 18,NULL,NULL,NULL,NULL,Current
140,LR-2398,NULL,Lock Ring,NULL,NULL,NULL,NULL,Current
141,LR-8520,NULL,Lower Head Race,NULL,NULL,NULL,NULL,Current
142,LW-1000,NULL,Lock Washer 4,NULL,NULL,NULL,NULL,Current
143,LW-1200,NULL,Lock Washer 5,NULL,NULL,NULL,NULL,Current
144,LW-1201,NULL,Lock Washer 10,NULL,NULL,NULL,NULL,Current
145,LW-1400,NULL,Lock Washer 6,NULL,NULL,NULL,NULL,Current
146,LW-3400,NULL,Lock Washer 13,NULL,NULL,NULL,NULL,Current
147,LW-3800,NULL,Lock Washer 8,NULL,NULL,NULL,NULL,Current
148,LW-4000,NULL,Lock Washer 1,NULL,NULL,NULL,NULL,Current
149,LW-5160,NULL,Lock Washer 7,NULL,NULL,NULL,NULL,Current
150,LW-5800,NULL,Lock Washer 12,NULL,NULL,NULL,NULL,Current
151,LW-6000,NULL,Lock Washer 2,NULL,NULL,NULL,NULL,Current
152,LW-7160,NULL,Lock Washer 9,NULL,NULL,NULL,NULL,Current
153,LW-8000,NULL,Lock Washer 3,NULL,NULL,NULL,NULL,Current
154,LW-9160,NULL,Lock Washer 11,NULL,NULL,NULL,NULL,Current
155,MA-7075,NULL,Metal Angle,NULL,NULL,NULL,NULL,Current
156,MB-2024,NULL,Metal Bar 1,NULL,NULL,NULL,NULL,Current
157,MB-6061,NULL,Metal Bar 2,NULL,NULL,NULL,NULL,Current
158,MP-2066,NULL,Metal Plate 2,NULL,NULL,NULL,NULL,Current
159,MP-2503,NULL,Metal Plate 1,NULL,NULL,NULL,NULL,Current
160,MP-4960,NULL,Metal Plate 3,NULL,NULL,NULL,NULL,Current
161,MS-0253,NULL,Metal Sheet 2,NULL,NULL,NULL,NULL,Current
162,MS-1256,NULL,Metal Sheet 3,NULL,NULL,NULL,NULL,Current
163,MS-1981,NULL,Metal Sheet 7,NULL,NULL,NULL,NULL,Current
164,MS-2259,NULL,Metal Sheet 4,NULL,NULL,NULL,NULL,Current
165,MS-2341,NULL,Metal Sheet 5,NULL,NULL,NULL,NULL,Current
166,MS-2348,NULL,Metal Sheet 6,NULL,NULL,NULL,NULL,Current
167,MS-6061,NULL,Metal Sheet 1,NULL,NULL,NULL,NULL,Current
168,MT-1000,NULL,Metal Tread Plate,NULL,NULL,NULL,NULL,Current
169,NI-4127,NULL,LL Nipple,NULL,NULL,NULL,NULL,Current
170,NI-9522,NULL,HL Nipple,NULL,NULL,NULL,NULL,Current
171,PA-187B,NULL,Paint - Black,NULL,NULL,NULL,NULL,Current
172,PA-361R,NULL,Paint - Red,NULL,NULL,NULL,NULL,Current
173,PA-529S,NULL,Paint - Silver,NULL,NULL,NULL,NULL,Current
174,PA-632U,NULL,Paint - Blue,NULL,NULL,NULL,NULL,Current
175,PA-823Y,NULL,Paint - Yellow,NULL,NULL,NULL,NULL,Current
176,PB-6109,NULL,Pinch Bolt,NULL,NULL,NULL,NULL,Current
177,RA-2345,NULL,Cup-Shaped Race,NULL,NULL,NULL,NULL,Current
178,RA-7490,NULL,Cone-Shaped Race,NULL,NULL,NULL,NULL,Current
179,RF-9198,NULL,Reflector,NULL,NULL,NULL,NULL,Current
180,RM-M464,NULL,LL Mountain Rim,NULL,NULL,NULL,NULL,Current
181,RM-M692,NULL,ML Mountain Rim,NULL,NULL,NULL,NULL,Current
182,RM-M823,NULL,HL Mountain Rim,NULL,NULL,NULL,NULL,Current
183,RM-R436,NULL,LL Road Rim,NULL,NULL,NULL,NULL,Current
184,RM-R600,NULL,ML Road Rim,NULL,NULL,NULL,NULL,Current
185,RM-R800,NULL,HL Road Rim,NULL,NULL,NULL,NULL,Current
186,RM-T801,NULL,Touring Rim,NULL,NULL,NULL,NULL,Current
187,SA-M198,NULL,LL Mountain Seat Assembly,NULL,NULL,NULL,NULL,Current
188,SA-M237,NULL,ML Mountain Seat Assembly,NULL,NULL,NULL,NULL,Current
189,SA-M687,NULL,HL Mountain Seat Assembly,NULL,NULL,NULL,NULL,Current
190,SA-R127,NULL,LL Road Seat Assembly,NULL,NULL,NULL,NULL,Current
191,SA-R430,NULL,ML Road Seat Assembly,NULL,NULL,NULL,NULL,Current
192,SA-R522,NULL,HL Road Seat Assembly,NULL,NULL,NULL,NULL,Current
193,SA-T467,NULL,LL Touring Seat Assembly,NULL,NULL,NULL,NULL,Current
194,SA-T612,NULL,ML Touring Seat Assembly,NULL,NULL,NULL,NULL,Current
195,SA-T872,NULL,HL Touring Seat Assembly,NULL,NULL,NULL,NULL,Current
196,SD-2342,NULL,LL Spindle/Axle,NULL,NULL,NULL,NULL,Current
197,SD-9872,NULL,HL Spindle/Axle,NULL,NULL,NULL,NULL,Current
198,SH-4562,NULL,LL Shell,NULL,NULL,NULL,NULL,Current
199,SH-9312,NULL,HL Shell,NULL,NULL,NULL,NULL,Current
200,SK-9283,NULL,Spokes,NULL,NULL,NULL,NULL,Current
201,SL-0931,NULL,Seat Lug,NULL,NULL,NULL,NULL,Current
202,SM-9087,NULL,Stem,NULL,NULL,NULL,NULL,Current
203,SP-2981,NULL,Seat Post,NULL,NULL,NULL,NULL,Current
204,SR-2098,NULL,Steerer,NULL,NULL,NULL,NULL,Current
205,SS-2985,NULL,Seat Stays,NULL,NULL,NULL,NULL,Current
206,ST-9828,NULL,Seat Tube,NULL,NULL,NULL,NULL,Current
207,TO-2301,NULL,Top Tube,NULL,NULL,NULL,NULL,Current
208,TP-0923,NULL,Tension Pulley,NULL,NULL,NULL,NULL,Current
209,RC-0291,NULL,Rear Derailleur Cage,NULL,NULL,NULL,NULL,Current
210,FR-R92B-58,14,"HL Road Frame - Black, 58",Road Frames,Components,"R ",HL Road Frame,Current
211,FR-R92R-58,14,"HL Road Frame - Red, 58",Road Frames,Components,"R ",HL Road Frame,Current
212,HL-U509-R,31,"Sport-100 Helmet, Red",Helmets,Accessories,"S ",Sport-100,OUTDATE
213,HL-U509-R,31,"Sport-100 Helmet, Red",Helmets,Accessories,"S ",Sport-100,OUTDATE
214,HL-U509-R,31,"Sport-100 Helmet, Red",Helmets,Accessories,"S ",Sport-100,Current
215,HL-U509,31,"Sport-100 Helmet, Black",Helmets,Accessories,"S ",Sport-100,OUTDATE
216,HL-U509,31,"Sport-100 Helmet, Black",Helmets,Accessories,"S ",Sport-100,OUTDATE
217,HL-U509,31,"Sport-100 Helmet, Black",Helmets,Accessories,"S ",Sport-100,Current
218,SO-B909-M,23,"Mountain Bike Socks, M",Socks,Clothing,"M ",Mountain Bike Socks,OUTDATE
219,SO-B909-L,23,"Mountain Bike Socks, L",Socks,Clothing,"M ",Mountain Bike Socks,OUTDATE
220,HL-U509-B,31,"Sport-100 Helmet, Blue",Helmets,Accessories,"S ",Sport-100,OUTDATE
221,HL-U509-B,31,"Sport-100 Helmet, Blue",Helmets,Accessories,"S ",Sport-100,OUTDATE
222,HL-U509-B,31,"Sport-100 Helmet, Blue",Helmets,Accessories,"S ",Sport-100,Current
223,CA-1098,19,AWC Logo Cap,Caps,Clothing,"S ",Cycling Cap,OUTDATE
224,CA-1098,19,AWC Logo Cap,Caps,Clothing,"S ",Cycling Cap,OUTDATE
225,CA-1098,19,AWC Logo Cap,Caps,Clothing,"S ",Cycling Cap,Current
226,LJ-0192-S,21,"Long-Sleeve Logo Jersey, S",Jerseys,Clothing,"S ",Long-Sleeve Logo Jersey,OUTDATE
227,LJ-0192-S,21,"Long-Sleeve Logo Jersey, S",Jerseys,Clothing,"S ",Long-Sleeve Logo Jersey,OUTDATE
228,LJ-0192-S,21,"Long-Sleeve Logo Jersey, S",Jerseys,Clothing,"S ",Long-Sleeve Logo Jersey,Current
229,LJ-0192-M,21,"Long-Sleeve Logo Jersey, M",Jerseys,Clothing,"S ",Long-Sleeve Logo Jersey,OUTDATE
230,LJ-0192-M,21,"Long-Sleeve Logo Jersey, M",Jerseys,Clothing,"S ",Long-Sleeve Logo Jersey,OUTDATE
231,LJ-0192-M,21,"Long-Sleeve Logo Jersey, M",Jerseys,Clothing,"S ",Long-Sleeve Logo Jersey,Current
232,LJ-0192-L,21,"Long-Sleeve Logo Jersey, L",Jerseys,Clothing,"S ",Long-Sleeve Logo Jersey,OUTDATE
233,LJ-0192-L,21,"Long-Sleeve Logo Jersey, L",Jerseys,Clothing,"S ",Long-Sleeve Logo Jersey,OUTDATE
234,LJ-0192-L,21,"Long-Sleeve Logo Jersey, L",Jerseys,Clothing,"S ",Long-Sleeve Logo Jersey,Current
235,LJ-0192-X,21,"Long-Sleeve Logo Jersey, XL",Jerseys,Clothing,"S ",Long-Sleeve Logo Jersey,OUTDATE
236,LJ-0192-X,21,"Long-Sleeve Logo Jersey, XL",Jerseys,Clothing,"S ",Long-Sleeve Logo Jersey,OUTDATE
237,LJ-0192-X,21,"Long-Sleeve Logo Jersey, XL",Jerseys,Clothing,"S ",Long-Sleeve Logo Jersey,Current
238,FR-R92R-62,14,"HL Road Frame - Red, 62",Road Frames,Components,"R ",HL Road Frame,OUTDATE
239,FR-R92R-62,14,"HL Road Frame - Red, 62",Road Frames,Components,"R ",HL Road Frame,OUTDATE
240,FR-R92R-62,14,"HL Road Frame - Red, 62",Road Frames,Components,"R ",HL Road Frame,Current
241,FR-R92R-44,14,"HL Road Frame - Red, 44",Road Frames,Components,"R ",HL Road Frame,OUTDATE
242,FR-R92R-44,14,"HL Road Frame - Red, 44",Road Frames,Components,"R ",HL Road Frame,OUTDATE
243,FR-R92R-44,14,"HL Road Frame - Red, 44",Road Frames,Components,"R ",HL Road Frame,Current
244,FR-R92R-48,14,"HL Road Frame - Red, 48",Road Frames,Components,"R ",HL Road Frame,OUTDATE
245,FR-R92R-48,14,"HL Road Frame - Red, 48",Road Frames,Components,"R ",HL Road Frame,OUTDATE
246,FR-R92R-48,14,"HL Road Frame - Red, 48",Road Frames,Components,"R ",HL Road Frame,Current
247,FR-R92R-52,14,"HL Road Frame - Red, 52",Road Frames,Components,"R ",HL Road Frame,OUTDATE
248,FR-R92R-52,14,"HL Road Frame - Red, 52",Road Frames,Components,"R ",HL Road Frame,OUTDATE
249,FR-R92R-52,14,"HL Road Frame - Red, 52",Road Frames,Components,"R ",HL Road Frame,Current
250,FR-R92R-56,14,"HL Road Frame - Red, 56",Road Frames,Components,"R ",HL Road Frame,OUTDATE
251,FR-R92R-56,14,"HL Road Frame - Red, 56",Road Frames,Components,"R ",HL Road Frame,OUTDATE
252,FR-R92R-56,14,"HL Road Frame - Red, 56",Road Frames,Components,"R ",HL Road Frame,Current
253,FR-R38B-58,14,"LL Road Frame - Black, 58",Road Frames,Components,"R ",LL Road Frame,OUTDATE
254,FR-R38B-58,14,"LL Road Frame - Black, 58",Road Frames,Components,"R ",LL Road Frame,OUTDATE
255,FR-R38B-58,14,"LL Road Frame - Black, 58",Road Frames,Components,"R ",LL Road Frame,Current
256,FR-R38B-60,14,"LL Road Frame - Black, 60",Road Frames,Components,"R ",LL Road Frame,OUTDATE
257,FR-R38B-60,14,"LL Road Frame - Black, 60",Road Frames,Components,"R ",LL Road Frame,OUTDATE
258,FR-R38B-60,14,"LL Road Frame - Black, 60",Road Frames,Components,"R ",LL Road Frame,Current
259,FR-R38B-62,14,"LL Road Frame - Black, 62",Road Frames,Components,"R ",LL Road Frame,OUTDATE
260,FR-R38B-62,14,"LL Road Frame - Black, 62",Road Frames,Components,"R ",LL Road Frame,OUTDATE
261,FR-R38B-62,14,"LL Road Frame - Black, 62",Road Frames,Components,"R ",LL Road Frame,Current
262,FR-R38R-44,14,"LL Road Frame - Red, 44",Road Frames,Components,"R ",LL Road Frame,OUTDATE
263,FR-R38R-44,14,"LL Road Frame - Red, 44",Road Frames,Components,"R ",LL Road Frame,OUTDATE
264,FR-R38R-48,14,"LL Road Frame - Red, 48",Road Frames,Components,"R ",LL Road Frame,OUTDATE
265,FR-R38R-48,14,"LL Road Frame - Red, 48",Road Frames,Components,"R ",LL Road Frame,OUTDATE
266,FR-R38R-52,14,"LL Road Frame - Red, 52",Road Frames,Components,"R ",LL Road Frame,OUTDATE
267,FR-R38R-52,14,"LL Road Frame - Red, 52",Road Frames,Components,"R ",LL Road Frame,OUTDATE
268,FR-R38R-58,14,"LL Road Frame - Red, 58",Road Frames,Components,"R ",LL Road Frame,OUTDATE
269,FR-R38R-58,14,"LL Road Frame - Red, 58",Road Frames,Components,"R ",LL Road Frame,OUTDATE
270,FR-R38R-60,14,"LL Road Frame - Red, 60",Road Frames,Components,"R ",LL Road Frame,OUTDATE
271,FR-R38R-60,14,"LL Road Frame - Red, 60",Road Frames,Components,"R ",LL Road Frame,OUTDATE
272,FR-R38R-62,14,"LL Road Frame - Red, 62",Road Frames,Components,"R ",LL Road Frame,OUTDATE
273,FR-R38R-62,14,"LL Road Frame - Red, 62",Road Frames,Components,"R ",LL Road Frame,OUTDATE
274,FR-R72R-44,14,"ML Road Frame - Red, 44",Road Frames,Components,"R ",ML Road Frame,OUTDATE
275,FR-R72R-48,14,"ML Road Frame - Red, 48",Road Frames,Components,"R ",ML Road Frame,OUTDATE
276,FR-R72R-52,14,"ML Road Frame - Red, 52",Road Frames,Components,"R ",ML Road Frame,OUTDATE
277,FR-R72R-58,14,"ML Road Frame - Red, 58",Road Frames,Components,"R ",ML Road Frame,OUTDATE
278,FR-R72R-60,14,"ML Road Frame - Red, 60",Road Frames,Components,"R ",ML Road Frame,OUTDATE
279,FR-R38B-44,14,"LL Road Frame - Black, 44",Road Frames,Components,"R ",LL Road Frame,OUTDATE
280,FR-R38B-44,14,"LL Road Frame - Black, 44",Road Frames,Components,"R ",LL Road Frame,OUTDATE
281,FR-R38B-44,14,"LL Road Frame - Black, 44",Road Frames,Components,"R ",LL Road Frame,Current
282,FR-R38B-48,14,"LL Road Frame - Black, 48",Road Frames,Components,"R ",LL Road Frame,OUTDATE
283,FR-R38B-48,14,"LL Road Frame - Black, 48",Road Frames,Components,"R ",LL Road Frame,OUTDATE
284,FR-R38B-48,14,"LL Road Frame - Black, 48",Road Frames,Components,"R ",LL Road Frame,Current
285,FR-R38B-52,14,"LL Road Frame - Black, 52",Road Frames,Components,"R ",LL Road Frame,OUTDATE
286,FR-R38B-52,14,"LL Road Frame - Black, 52",Road Frames,Components,"R ",LL Road Frame,OUTDATE
287,FR-R38B-52,14,"LL Road Frame - Black, 52",Road Frames,Components,"R ",LL Road Frame,Current
288,FR-M94S-42,12,"HL Mountain Frame - Silver, 42",Mountain Frames,Components,"M ",HL Mountain Frame,OUTDATE
289,FR-M94S-42,12,"HL Mountain Frame - Silver, 42",Mountain Frames,Components,"M ",HL Mountain Frame,OUTDATE
290,FR-M94S-42,12,"HL Mountain Frame - Silver, 42",Mountain Frames,Components,"M ",HL Mountain Frame,Current
291,FR-M94S-44,12,"HL Mountain Frame - Silver, 44",Mountain Frames,Components,"M ",HL Mountain Frame,OUTDATE
292,FR-M94S-52,12,"HL Mountain Frame - Silver, 48",Mountain Frames,Components,"M ",HL Mountain Frame,OUTDATE
293,FR-M94S-46,12,"HL Mountain Frame - Silver, 46",Mountain Frames,Components,"M ",HL Mountain Frame,OUTDATE
294,FR-M94S-46,12,"HL Mountain Frame - Silver, 46",Mountain Frames,Components,"M ",HL Mountain Frame,OUTDATE
295,FR-M94S-46,12,"HL Mountain Frame - Silver, 46",Mountain Frames,Components,"M ",HL Mountain Frame,Current
296,FR-M94B-42,12,"HL Mountain Frame - Black, 42",Mountain Frames,Components,"M ",HL Mountain Frame,OUTDATE
297,FR-M94B-42,12,"HL Mountain Frame - Black, 42",Mountain Frames,Components,"M ",HL Mountain Frame,OUTDATE
298,FR-M94B-42,12,"HL Mountain Frame - Black, 42",Mountain Frames,Components,"M ",HL Mountain Frame,Current
299,FR-M94B-44,12,"HL Mountain Frame - Black, 44",Mountain Frames,Components,"M ",HL Mountain Frame,OUTDATE
300,FR-M94B-48,12,"HL Mountain Frame - Black, 48",Mountain Frames,Components,"M ",HL Mountain Frame,OUTDATE
301,FR-M94B-46,12,"HL Mountain Frame - Black, 46",Mountain Frames,Components,"M ",HL Mountain Frame,OUTDATE
302,FR-M94B-46,12,"HL Mountain Frame - Black, 46",Mountain Frames,Components,"M ",HL Mountain Frame,OUTDATE
303,FR-M94B-46,12,"HL Mountain Frame - Black, 46",Mountain Frames,Components,"M ",HL Mountain Frame,Current
304,FR-M94B-38,12,"HL Mountain Frame - Black, 38",Mountain Frames,Components,"M ",HL Mountain Frame,OUTDATE
305,FR-M94B-38,12,"HL Mountain Frame - Black, 38",Mountain Frames,Components,"M ",HL Mountain Frame,OUTDATE
306,FR-M94B-38,12,"HL Mountain Frame - Black, 38",Mountain Frames,Components,"M ",HL Mountain Frame,Current
307,FR-M94S-38,12,"HL Mountain Frame - Silver, 38",Mountain Frames,Components,"M ",HL Mountain Frame,OUTDATE
308,FR-M94S-38,12,"HL Mountain Frame - Silver, 38",Mountain Frames,Components,"M ",HL Mountain Frame,OUTDATE
309,FR-M94S-38,12,"HL Mountain Frame - Silver, 38",Mountain Frames,Components,"M ",HL Mountain Frame,Current
310,BK-R93R-62,2,"Road-150 Red, 62",Road Bikes,Bikes,"R ",Road-150,OUTDATE
311,BK-R93R-44,2,"Road-150 Red, 44",Road Bikes,Bikes,"R ",Road-150,OUTDATE
312,BK-R93R-48,2,"Road-150 Red, 48",Road Bikes,Bikes,"R ",Road-150,OUTDATE
313,BK-R93R-52,2,"Road-150 Red, 52",Road Bikes,Bikes,"R ",Road-150,OUTDATE
314,BK-R93R-56,2,"Road-150 Red, 56",Road Bikes,Bikes,"R ",Road-150,OUTDATE
315,BK-R68R-58,2,"Road-450 Red, 58",Road Bikes,Bikes,"R ",Road-450,OUTDATE
316,BK-R68R-60,2,"Road-450 Red, 60",Road Bikes,Bikes,"R ",Road-450,OUTDATE
317,BK-R68R-44,2,"Road-450 Red, 44",Road Bikes,Bikes,"R ",Road-450,OUTDATE
318,BK-R68R-48,2,"Road-450 Red, 48",Road Bikes,Bikes,"R ",Road-450,OUTDATE
319,BK-R68R-52,2,"Road-450 Red, 52",Road Bikes,Bikes,"R ",Road-450,OUTDATE
320,BK-R50R-58,2,"Road-650 Red, 58",Road Bikes,Bikes,"R ",Road-650,OUTDATE
321,BK-R50R-58,2,"Road-650 Red, 58",Road Bikes,Bikes,"R ",Road-650,OUTDATE
322,BK-R50R-60,2,"Road-650 Red, 60",Road Bikes,Bikes,"R ",Road-650,OUTDATE
323,BK-R50R-60,2,"Road-650 Red, 60",Road Bikes,Bikes,"R ",Road-650,OUTDATE
324,BK-R50R-62,2,"Road-650 Red, 62",Road Bikes,Bikes,"R ",Road-650,OUTDATE
325,BK-R50R-62,2,"Road-650 Red, 62",Road Bikes,Bikes,"R ",Road-650,OUTDATE
326,BK-R50R-44,2,"Road-650 Red, 44",Road Bikes,Bikes,"R ",Road-650,OUTDATE
327,BK-R50R-44,2,"Road-650 Red, 44",Road Bikes,Bikes,"R ",Road-650,OUTDATE
328,BK-R50R-48,2,"Road-650 Red, 48",Road Bikes,Bikes,"R ",Road-650,OUTDATE
329,BK-R50R-48,2,"Road-650 Red, 48",Road Bikes,Bikes,"R ",Road-650,OUTDATE
330,BK-R50R-52,2,"Road-650 Red, 52",Road Bikes,Bikes,"R ",Road-650,OUTDATE
331,BK-R50R-52,2,"Road-650 Red, 52",Road Bikes,Bikes,"R ",Road-650,OUTDATE
332,BK-R50B-58,2,"Road-650 Black, 58",Road Bikes,Bikes,"R ",Road-650,OUTDATE
333,BK-R50B-58,2,"Road-650 Black, 58",Road Bikes,Bikes,"R ",Road-650,OUTDATE
334,BK-R50B-60,2,"Road-650 Black, 60",Road Bikes,Bikes,"R ",Road-650,OUTDATE
335,BK-R50B-60,2,"Road-650 Black, 60",Road Bikes,Bikes,"R ",Road-650,OUTDATE
336,BK-R50B-62,2,"Road-650 Black, 62",Road Bikes,Bikes,"R ",Road-650,OUTDATE
337,BK-R50B-62,2,"Road-650 Black, 62",Road Bikes,Bikes,"R ",Road-650,OUTDATE
338,BK-R50B-44,2,"Road-650 Black, 44",Road Bikes,Bikes,"R ",Road-650,OUTDATE
339,BK-R50B-44,2,"Road-650 Black, 44",Road Bikes,Bikes,"R ",Road-650,OUTDATE
340,BK-R50B-48,2,"Road-650 Black, 48",Road Bikes,Bikes,"R ",Road-650,OUTDATE
341,BK-R50B-48,2,"Road-650 Black, 48",Road Bikes,Bikes,"R ",Road-650,OUTDATE
342,BK-R50B-52,2,"Road-650 Black, 52",Road Bikes,Bikes,"R ",Road-650,OUTDATE
343,BK-R50B-52,2,"Road-650 Black, 52",Road Bikes,Bikes,"R ",Road-650,OUTDATE
344,BK-M82S-38,1,"Mountain-100 Silver, 38",Mountain Bikes,Bikes,"M ",Mountain-100,OUTDATE
345,BK-M82S-42,1,"Mountain-100 Silver, 42",Mountain Bikes,Bikes,"M ",Mountain-100,OUTDATE
346,BK-M82S-44,1,"Mountain-100 Silver, 44",Mountain Bikes,Bikes,"M ",Mountain-100,OUTDATE
347,BK-M82S-48,1,"Mountain-100 Silver, 48",Mountain Bikes,Bikes,"M ",Mountain-100,OUTDATE
348,BK-M82B-38,1,"Mountain-100 Black, 38",Mountain Bikes,Bikes,"M ",Mountain-100,OUTDATE
349,BK-M82B-42,1,"Mountain-100 Black, 42",Mountain Bikes,Bikes,"M ",Mountain-100,OUTDATE
350,BK-M82B-44,1,"Mountain-100 Black, 44",Mountain Bikes,Bikes,"M ",Mountain-100,OUTDATE
351,BK-M82B-48,1,"Mountain-100 Black, 48",Mountain Bikes,Bikes,"M ",Mountain-100,OUTDATE
352,BK-M68S-38,1,"Mountain-200 Silver, 38",Mountain Bikes,Bikes,"M ",Mountain-200,OUTDATE
353,BK-M68S-38,1,"Mountain-200 Silver, 38",Mountain Bikes,Bikes,"M ",Mountain-200,Current
354,BK-M68S-42,1,"Mountain-200 Silver, 42",Mountain Bikes,Bikes,"M ",Mountain-200,OUTDATE
355,BK-M68S-42,1,"Mountain-200 Silver, 42",Mountain Bikes,Bikes,"M ",Mountain-200,Current
356,BK-M68S-46,1,"Mountain-200 Silver, 46",Mountain Bikes,Bikes,"M ",Mountain-200,OUTDATE
357,BK-M68S-46,1,"Mountain-200 Silver, 46",Mountain Bikes,Bikes,"M ",Mountain-200,Current
358,BK-M68B-38,1,"Mountain-200 Black, 38",Mountain Bikes,Bikes,"M ",Mountain-200,OUTDATE
359,BK-M68B-38,1,"Mountain-200 Black, 38",Mountain Bikes,Bikes,"M ",Mountain-200,Current
360,BK-M68B-42,1,"Mountain-200 Black, 42",Mountain Bikes,Bikes,"M ",Mountain-200,OUTDATE
361,BK-M68B-42,1,"Mountain-200 Black, 42",Mountain Bikes,Bikes,"M ",Mountain-200,Current
362,BK-M68B-46,1,"Mountain-200 Black, 46",Mountain Bikes,Bikes,"M ",Mountain-200,OUTDATE
363,BK-M68B-46,1,"Mountain-200 Black, 46",Mountain Bikes,Bikes,"M ",Mountain-200,Current
364,BK-M47B-38,1,"Mountain-300 Black, 38",Mountain Bikes,Bikes,"M ",Mountain-300,OUTDATE
365,BK-M47B-40,1,"Mountain-300 Black, 40",Mountain Bikes,Bikes,"M ",Mountain-300,OUTDATE
366,BK-M47B-44,1,"Mountain-300 Black, 44",Mountain Bikes,Bikes,"M ",Mountain-300,OUTDATE
367,BK-M47B-48,1,"Mountain-300 Black, 48",Mountain Bikes,Bikes,"M ",Mountain-300,OUTDATE
368,BK-R89R-44,2,"Road-250 Red, 44",Road Bikes,Bikes,"R ",Road-250,OUTDATE
369,BK-R89R-48,2,"Road-250 Red, 48",Road Bikes,Bikes,"R ",Road-250,OUTDATE
370,BK-R89R-52,2,"Road-250 Red, 52",Road Bikes,Bikes,"R ",Road-250,OUTDATE
371,BK-R89R-58,2,"Road-250 Red, 58",Road Bikes,Bikes,"R ",Road-250,OUTDATE
372,BK-R89R-58,2,"Road-250 Red, 58",Road Bikes,Bikes,"R ",Road-250,Current
373,BK-R89B-44,2,"Road-250 Black, 44",Road Bikes,Bikes,"R ",Road-250,OUTDATE
374,BK-R89B-44,2,"Road-250 Black, 44",Road Bikes,Bikes,"R ",Road-250,Current
375,BK-R89B-48,2,"Road-250 Black, 48",Road Bikes,Bikes,"R ",Road-250,OUTDATE
376,BK-R89B-48,2,"Road-250 Black, 48",Road Bikes,Bikes,"R ",Road-250,Current
377,BK-R89B-52,2,"Road-250 Black, 52",Road Bikes,Bikes,"R ",Road-250,OUTDATE
378,BK-R89B-52,2,"Road-250 Black, 52",Road Bikes,Bikes,"R ",Road-250,Current
379,BK-R89B-58,2,"Road-250 Black, 58",Road Bikes,Bikes,"R ",Road-250,OUTDATE
380,BK-R89B-58,2,"Road-250 Black, 58",Road Bikes,Bikes,"R ",Road-250,Current
381,BK-R64Y-38,2,"Road-550-W Yellow, 38",Road Bikes,Bikes,"R ",Road-550-W,OUTDATE
382,BK-R64Y-38,2,"Road-550-W Yellow, 38",Road Bikes,Bikes,"R ",Road-550-W,Current
383,BK-R64Y-40,2,"Road-550-W Yellow, 40",Road Bikes,Bikes,"R ",Road-550-W,OUTDATE
384,BK-R64Y-40,2,"Road-550-W Yellow, 40",Road Bikes,Bikes,"R ",Road-550-W,Current
385,BK-R64Y-42,2,"Road-550-W Yellow, 42",Road Bikes,Bikes,"R ",Road-550-W,OUTDATE
386,BK-R64Y-42,2,"Road-550-W Yellow, 42",Road Bikes,Bikes,"R ",Road-550-W,Current
387,BK-R64Y-44,2,"Road-550-W Yellow, 44",Road Bikes,Bikes,"R ",Road-550-W,OUTDATE
388,BK-R64Y-44,2,"Road-550-W Yellow, 44",Road Bikes,Bikes,"R ",Road-550-W,Current
389,BK-R64Y-48,2,"Road-550-W Yellow, 48",Road Bikes,Bikes,"R ",Road-550-W,OUTDATE
390,BK-R64Y-48,2,"Road-550-W Yellow, 48",Road Bikes,Bikes,"R ",Road-550-W,Current
391,FK-1639,10,LL Fork,Forks,Components,NULL,LL Fork,OUTDATE
392,FK-5136,10,ML Fork,Forks,Components,NULL,ML Fork,OUTDATE
393,FK-9939,10,HL Fork,Forks,Components,NULL,HL Fork,OUTDATE
394,HS-0296,11,LL Headset,Headsets,Components,NULL,LL Headset,OUTDATE
395,HS-2451,11,ML Headset,Headsets,Components,NULL,ML Headset,OUTDATE
396,HS-3479,11,HL Headset,Headsets,Components,NULL,HL Headset,OUTDATE
397,HB-M243,4,LL Mountain Handlebars,Handlebars,Components,"M ",LL Mountain Handlebars,OUTDATE
398,HB-M243,4,LL Mountain Handlebars,Handlebars,Components,"M ",LL Mountain Handlebars,Current
399,HB-M763,4,ML Mountain Handlebars,Handlebars,Components,"M ",ML Mountain Handlebars,OUTDATE
400,HB-M763,4,ML Mountain Handlebars,Handlebars,Components,"M ",ML Mountain Handlebars,Current
401,HB-M918,4,HL Mountain Handlebars,Handlebars,Components,"M ",HL Mountain Handlebars,OUTDATE
402,HB-M918,4,HL Mountain Handlebars,Handlebars,Components,"M ",HL Mountain Handlebars,Current
403,HB-R504,4,LL Road Handlebars,Handlebars,Components,"R ",LL Road Handlebars,OUTDATE
404,HB-R504,4,LL Road Handlebars,Handlebars,Components,"R ",LL Road Handlebars,Current
405,HB-R720,4,ML Road Handlebars,Handlebars,Components,"R ",ML Road Handlebars,OUTDATE
406,HB-R720,4,ML Road Handlebars,Handlebars,Components,"R ",ML Road Handlebars,Current
407,HB-R956,4,HL Road Handlebars,Handlebars,Components,"R ",HL Road Handlebars,OUTDATE
408,HB-R956,4,HL Road Handlebars,Handlebars,Components,"R ",HL Road Handlebars,Current
409,FR-M63B-38,12,"ML Mountain Frame - Black, 38",Mountain Frames,Components,"M ",ML Mountain Frame-W,OUTDATE
410,FW-M423,17,LL Mountain Front Wheel,Wheels,Components,"M ",LL Mountain Front Wheel,OUTDATE
411,FW-M762,17,ML Mountain Front Wheel,Wheels,Components,"M ",ML Mountain Front Wheel,OUTDATE
412,FW-M928,17,HL Mountain Front Wheel,Wheels,Components,"M ",HL Mountain Front Wheel,OUTDATE
413,FW-R623,17,LL Road Front Wheel,Wheels,Components,"R ",LL Road Front Wheel,OUTDATE
414,FW-R762,17,ML Road Front Wheel,Wheels,Components,"R ",ML Road Front Wheel,OUTDATE
415,FW-R820,17,HL Road Front Wheel,Wheels,Components,"R ",HL Road Front Wheel,OUTDATE
416,FW-T905,17,Touring Front Wheel,Wheels,Components,"T ",Touring Front Wheel,OUTDATE
417,FR-R72Y-38,14,"ML Road Frame-W - Yellow, 38",Road Frames,Components,"R ",ML Road Frame-W,OUTDATE
418,FR-R72Y-38,14,"ML Road Frame-W - Yellow, 38",Road Frames,Components,"R ",ML Road Frame-W,Current
419,RW-M423,17,LL Mountain Rear Wheel,Wheels,Components,"M ",LL Mountain Rear Wheel,OUTDATE
420,RW-M762,17,ML Mountain Rear Wheel,Wheels,Components,"M ",ML Mountain Rear Wheel,OUTDATE
421,RW-M928,17,HL Mountain Rear Wheel,Wheels,Components,"M ",HL Mountain Rear Wheel,OUTDATE
422,RW-R623,17,LL Road Rear Wheel,Wheels,Components,"R ",LL Road Rear Wheel,OUTDATE
423,RW-R762,17,ML Road Rear Wheel,Wheels,Components,"R ",ML Road Rear Wheel,OUTDATE
424,RW-R820,17,HL Road Rear Wheel,Wheels,Components,"R ",HL Road Rear Wheel,OUTDATE
425,RW-T905,17,Touring Rear Wheel,Wheels,Components,"T ",Touring Rear Wheel,OUTDATE
426,FR-M63B-40,12,"ML Mountain Frame - Black, 40",Mountain Frames,Components,"M ",ML Mountain Frame,OUTDATE
427,FR-M63B-44,12,"ML Mountain Frame - Black, 44",Mountain Frames,Components,"M ",ML Mountain Frame,OUTDATE
428,FR-M63B-48,12,"ML Mountain Frame - Black, 48",Mountain Frames,Components,"M ",ML Mountain Frame,OUTDATE
429,FR-R72Y-40,14,"ML Road Frame-W - Yellow, 40",Road Frames,Components,"R ",ML Road Frame-W,OUTDATE
430,FR-R72Y-40,14,"ML Road Frame-W - Yellow, 40",Road Frames,Components,"R ",ML Road Frame-W,Current
431,FR-R72Y-42,14,"ML Road Frame-W - Yellow, 42",Road Frames,Components,"R ",ML Road Frame-W,OUTDATE
432,FR-R72Y-42,14,"ML Road Frame-W - Yellow, 42",Road Frames,Components,"R ",ML Road Frame-W,Current
433,FR-R72Y-44,14,"ML Road Frame-W - Yellow, 44",Road Frames,Components,"R ",ML Road Frame-W,OUTDATE
434,FR-R72Y-44,14,"ML Road Frame-W - Yellow, 44",Road Frames,Components,"R ",ML Road Frame-W,Current
435,FR-R72Y-48,14,"ML Road Frame-W - Yellow, 48",Road Frames,Components,"R ",ML Road Frame-W,OUTDATE
436,FR-R72Y-48,14,"ML Road Frame-W - Yellow, 48",Road Frames,Components,"R ",ML Road Frame-W,Current
437,FR-R92B-62,14,"HL Road Frame - Black, 62",Road Frames,Components,"R ",HL Road Frame,OUTDATE
438,FR-R92B-62,14,"HL Road Frame - Black, 62",Road Frames,Components,"R ",HL Road Frame,Current
439,FR-R92B-44,14,"HL Road Frame - Black, 44",Road Frames,Components,"R ",HL Road Frame,OUTDATE
440,FR-R92B-44,14,"HL Road Frame - Black, 44",Road Frames,Components,"R ",HL Road Frame,Current
441,FR-R92B-48,14,"HL Road Frame - Black, 48",Road Frames,Components,"R ",HL Road Frame,OUTDATE
442,FR-R92B-48,14,"HL Road Frame - Black, 48",Road Frames,Components,"R ",HL Road Frame,Current
443,FR-R92B-52,14,"HL Road Frame - Black, 52",Road Frames,Components,"R ",HL Road Frame,OUTDATE
444,FR-R92B-52,14,"HL Road Frame - Black, 52",Road Frames,Components,"R ",HL Road Frame,Current
445,SH-M897-S,22,"Men's Sports Shorts, S",Shorts,Clothing,"S ",Men's Sports Shorts,OUTDATE
446,PA-T100,35,"Touring-Panniers, Large",Panniers,Accessories,"T ",Touring-Panniers,OUTDATE
447,LO-C100,34,Cable Lock,Locks,Accessories,"S ",Cable Lock,OUTDATE
448,PU-0452,36,Minipump,Pumps,Accessories,"S ",Minipump,OUTDATE
449,PU-M044,36,Mountain Pump,Pumps,Accessories,"M ",Mountain Pump,OUTDATE
450,LT-T990,33,Taillights - Battery-Powered,Lights,Accessories,"R ",Taillight,OUTDATE
451,LT-H902,33,Headlights - Dual-Beam,Lights,Accessories,"R ",Headlights - Dual-Beam,OUTDATE
452,LT-H903,33,Headlights - Weatherproof,Lights,Accessories,"R ",Headlights - Weatherproof,OUTDATE
453,SH-M897-M,22,"Men's Sports Shorts, M",Shorts,Clothing,"S ",Men's Sports Shorts,OUTDATE
454,SH-M897-L,22,"Men's Sports Shorts, L",Shorts,Clothing,"S ",Men's Sports Shorts,OUTDATE
455,SH-M897-X,22,"Men's Sports Shorts, XL",Shorts,Clothing,"S ",Men's Sports Shorts,OUTDATE
456,TG-W091-S,24,"Women's Tights, S",Tights,Clothing,"S ",Women's Tights,OUTDATE
457,TG-W091-M,24,"Women's Tights, M",Tights,Clothing,"S ",Women's Tights,OUTDATE
458,TG-W091-L,24,"Women's Tights, L",Tights,Clothing,"S ",Women's Tights,OUTDATE
459,SB-M891-S,18,"Men's Bib-Shorts, S",Bib-Shorts,Clothing,"S ",Men's Bib-Shorts,OUTDATE
460,SB-M891-M,18,"Men's Bib-Shorts, M",Bib-Shorts,Clothing,"S ",Men's Bib-Shorts,OUTDATE
461,SB-M891-L,18,"Men's Bib-Shorts, L",Bib-Shorts,Clothing,"S ",Men's Bib-Shorts,OUTDATE
462,GL-H102-S,20,"Half-Finger Gloves, S",Gloves,Clothing,"S ",Half-Finger Gloves,OUTDATE
463,GL-H102-S,20,"Half-Finger Gloves, S",Gloves,Clothing,"S ",Half-Finger Gloves,Current
464,GL-H102-M,20,"Half-Finger Gloves, M",Gloves,Clothing,"S ",Half-Finger Gloves,OUTDATE
465,GL-H102-M,20,"Half-Finger Gloves, M",Gloves,Clothing,"S ",Half-Finger Gloves,Current
466,GL-H102-L,20,"Half-Finger Gloves, L",Gloves,Clothing,"S ",Half-Finger Gloves,OUTDATE
467,GL-H102-L,20,"Half-Finger Gloves, L",Gloves,Clothing,"S ",Half-Finger Gloves,Current
468,GL-F110-S,20,"Full-Finger Gloves, S",Gloves,Clothing,"M ",Full-Finger Gloves,OUTDATE
469,GL-F110-M,20,"Full-Finger Gloves, M",Gloves,Clothing,"M ",Full-Finger Gloves,OUTDATE
470,GL-F110-L,20,"Full-Finger Gloves, L",Gloves,Clothing,"M ",Full-Finger Gloves,OUTDATE
471,VE-C304-S,25,"Classic Vest, S",Vests,Clothing,"S ",Classic Vest,Current
472,VE-C304-M,25,"Classic Vest, M",Vests,Clothing,"S ",Classic Vest,Current
473,VE-C304-L,25,"Classic Vest, L",Vests,Clothing,"S ",Classic Vest,Current
474,SH-W890-S,22,"Women's Mountain Shorts, S",Shorts,Clothing,"M ",Women's Mountain Shorts,Current
475,SH-W890-M,22,"Women's Mountain Shorts, M",Shorts,Clothing,"M ",Women's Mountain Shorts,Current
476,SH-W890-L,22,"Women's Mountain Shorts, L",Shorts,Clothing,"M ",Women's Mountain Shorts,Current
477,WB-H098,28,Water Bottle - 30 oz.,Bottles and Cages,Accessories,"S ",Water Bottle,Current
478,BC-M005,28,Mountain Bottle Cage,Bottles and Cages,Accessories,"M ",Mountain Bottle Cage,Current
479,BC-R205,28,Road Bottle Cage,Bottles and Cages,Accessories,"R ",Road Bottle Cage,Current
480,PK-7098,37,Patch Kit/8 Patches,Tires and Tubes,Accessories,"S ",Patch kit,Current
481,SO-R809-M,23,"Racing Socks, M",Socks,Clothing,"R ",Racing Socks,Current
482,SO-R809-L,23,"Racing Socks, L",Socks,Clothing,"R ",Racing Socks,Current
483,RA-H123,26,Hitch Rack - 4-Bike,Bike Racks,Accessories,"S ",Hitch Rack - 4-Bike,Current
484,CL-9009,29,Bike Wash - Dissolver,Cleaners,Accessories,"S ",Bike Wash,Current
485,FE-6654,30,Fender Set - Mountain,Fenders,Accessories,"M ",Fender Set - Mountain,Current
486,ST-1401,27,All-Purpose Bike Stand,Bike Stands,Accessories,"M ",All-Purpose Bike Stand,Current
487,HY-1023-70,32,Hydration Pack - 70 oz.,Hydration Packs,Accessories,"S ",Hydration Pack,Current
488,SJ-0194-S,21,"Short-Sleeve Classic Jersey, S",Jerseys,Clothing,"S ",Short-Sleeve Classic Jersey,Current
489,SJ-0194-M,21,"Short-Sleeve Classic Jersey, M",Jerseys,Clothing,"S ",Short-Sleeve Classic Jersey,Current
490,SJ-0194-L,21,"Short-Sleeve Classic Jersey, L",Jerseys,Clothing,"S ",Short-Sleeve Classic Jersey,Current
491,SJ-0194-X,21,"Short-Sleeve Classic Jersey, XL",Jerseys,Clothing,"S ",Short-Sleeve Classic Jersey,Current
492,FR-T98Y-60,16,"HL Touring Frame - Yellow, 60",Touring Frames,Components,"T ",HL Touring Frame,Current
493,FR-T67Y-62,16,"LL Touring Frame - Yellow, 62",Touring Frames,Components,"T ",LL Touring Frame,Current
494,FR-T98Y-46,16,"HL Touring Frame - Yellow, 46",Touring Frames,Components,"T ",HL Touring Frame,Current
495,FR-T98Y-50,16,"HL Touring Frame - Yellow, 50",Touring Frames,Components,"T ",HL Touring Frame,Current
496,FR-T98Y-54,16,"HL Touring Frame - Yellow, 54",Touring Frames,Components,"T ",HL Touring Frame,Current
497,FR-T98U-46,16,"HL Touring Frame - Blue, 46",Touring Frames,Components,"T ",HL Touring Frame,Current
498,FR-T98U-50,16,"HL Touring Frame - Blue, 50",Touring Frames,Components,"T ",HL Touring Frame,Current
499,FR-T98U-54,16,"HL Touring Frame - Blue, 54",Touring Frames,Components,"T ",HL Touring Frame,Current
500,FR-T98U-60,16,"HL Touring Frame - Blue, 60",Touring Frames,Components,"T ",HL Touring Frame,Current
501,RD-2308,9,Rear Derailleur,Derailleurs,Components,NULL,Rear Derailleur,Current
502,FR-T67U-50,16,"LL Touring Frame - Blue, 50",Touring Frames,Components,"T ",LL Touring Frame,Current
503,FR-T67U-54,16,"LL Touring Frame - Blue, 54",Touring Frames,Components,"T ",LL Touring Frame,Current
504,FR-T67U-58,16,"LL Touring Frame - Blue, 58",Touring Frames,Components,"T ",LL Touring Frame,Current
505,FR-T67U-62,16,"LL Touring Frame - Blue, 62",Touring Frames,Components,"T ",LL Touring Frame,Current
506,FR-T67Y-44,16,"LL Touring Frame - Yellow, 44",Touring Frames,Components,"T ",LL Touring Frame,Current
507,FR-T67Y-50,16,"LL Touring Frame - Yellow, 50",Touring Frames,Components,"T ",LL Touring Frame,Current
508,FR-T67Y-54,16,"LL Touring Frame - Yellow, 54",Touring Frames,Components,"T ",LL Touring Frame,Current
509,FR-T67Y-58,16,"LL Touring Frame - Yellow, 58",Touring Frames,Components,"T ",LL Touring Frame,Current
510,FR-T67U-44,16,"LL Touring Frame - Blue, 44",Touring Frames,Components,"T ",LL Touring Frame,Current
511,FR-M63S-40,12,"ML Mountain Frame-W - Silver, 40",Mountain Frames,Components,"M ",ML Mountain Frame-W,Current
512,FR-M63S-42,12,"ML Mountain Frame-W - Silver, 42",Mountain Frames,Components,"M ",ML Mountain Frame-W,Current
513,FR-M63S-46,12,"ML Mountain Frame-W - Silver, 46",Mountain Frames,Components,"M ",ML Mountain Frame-W,Current
514,RB-9231,6,Rear Brakes,Brakes,Components,NULL,Rear Brakes,Current
515,SE-M236,15,LL Mountain Seat/Saddle,Saddles,Components,"M ",LL Mountain Seat/Saddle 2,Current
516,SE-M798,15,ML Mountain Seat/Saddle,Saddles,Components,"M ",ML Mountain Seat/Saddle 2,Current
517,SE-M940,15,HL Mountain Seat/Saddle,Saddles,Components,"M ",HL Mountain Seat/Saddle 2,Current
518,SE-R581,15,LL Road Seat/Saddle,Saddles,Components,"R ",LL Road Seat/Saddle 1,Current
519,SE-R908,15,ML Road Seat/Saddle,Saddles,Components,"T ",ML Road Seat/Saddle 2,Current
520,SE-R995,15,HL Road Seat/Saddle,Saddles,Components,"R ",HL Road Seat/Saddle 2,Current
521,SE-T312,15,LL Touring Seat/Saddle,Saddles,Components,"T ",LL Touring Seat/Saddle,Current
522,SE-T762,15,ML Touring Seat/Saddle,Saddles,Components,"T ",ML Touring Seat/Saddle,Current
523,SE-T924,15,HL Touring Seat/Saddle,Saddles,Components,"T ",HL Touring Seat/Saddle,Current
524,FR-M21S-42,12,"LL Mountain Frame - Silver, 42",Mountain Frames,Components,"M ",LL Mountain Frame,Current
525,FR-M21S-44,12,"LL Mountain Frame - Silver, 44",Mountain Frames,Components,"M ",LL Mountain Frame,Current
526,FR-M21S-48,12,"LL Mountain Frame - Silver, 48",Mountain Frames,Components,"M ",LL Mountain Frame,Current
527,FR-M21S-52,12,"LL Mountain Frame - Silver, 52",Mountain Frames,Components,"M ",LL Mountain Frame,Current
528,TT-M928,37,Mountain Tire Tube,Tires and Tubes,Accessories,"M ",Mountain Tire Tube,Current
529,TT-R982,37,Road Tire Tube,Tires and Tubes,Accessories,"R ",Road Tire Tube,Current
530,TT-T092,37,Touring Tire Tube,Tires and Tubes,Accessories,"T ",Touring Tire Tube,Current
531,FR-M21B-42,12,"LL Mountain Frame - Black, 42",Mountain Frames,Components,"M ",LL Mountain Frame,Current
532,FR-M21B-44,12,"LL Mountain Frame - Black, 44",Mountain Frames,Components,"M ",LL Mountain Frame,Current
533,FR-M21B-48,12,"LL Mountain Frame - Black, 48",Mountain Frames,Components,"M ",LL Mountain Frame,Current
534,FR-M21B-52,12,"LL Mountain Frame - Black, 52",Mountain Frames,Components,"M ",LL Mountain Frame,Current
535,TI-M267,37,LL Mountain Tire,Tires and Tubes,Accessories,"M ",LL Mountain Tire,Current
536,TI-M602,37,ML Mountain Tire,Tires and Tubes,Accessories,"M ",ML Mountain Tire,Current
537,TI-M823,37,HL Mountain Tire,Tires and Tubes,Accessories,"M ",HL Mountain Tire,Current
538,TI-R092,37,LL Road Tire,Tires and Tubes,Accessories,"R ",LL Road Tire,Current
539,TI-R628,37,ML Road Tire,Tires and Tubes,Accessories,"R ",ML Road Tire,Current
540,TI-R982,37,HL Road Tire,Tires and Tubes,Accessories,"R ",HL Road Tire,Current
541,TI-T723,37,Touring Tire,Tires and Tubes,Accessories,"T ",Touring Tire,Current
542,PD-M282,13,LL Mountain Pedal,Pedals,Components,"M ",LL Mountain Pedal,Current
543,PD-M340,13,ML Mountain Pedal,Pedals,Components,"M ",ML Mountain Pedal,Current
544,PD-M562,13,HL Mountain Pedal,Pedals,Components,"M ",HL Mountain Pedal,Current
545,PD-R347,13,LL Road Pedal,Pedals,Components,"R ",LL Road Pedal,Current
546,PD-R563,13,ML Road Pedal,Pedals,Components,"R ",ML Road Pedal,Current
547,PD-R853,13,HL Road Pedal,Pedals,Components,"R ",HL Road Pedal,Current
548,PD-T852,13,Touring Pedal,Pedals,Components,"T ",Touring Pedal,Current
549,FR-M63S-38,12,"ML Mountain Frame-W - Silver, 38",Mountain Frames,Components,"M ",ML Mountain Frame-W,Current
550,FR-M21B-40,12,"LL Mountain Frame - Black, 40",Mountain Frames,Components,"M ",LL Mountain Frame,Current
551,FR-M21S-40,12,"LL Mountain Frame - Silver, 40",Mountain Frames,Components,"M ",LL Mountain Frame,Current
552,FD-2342,9,Front Derailleur,Derailleurs,Components,NULL,Front Derailleur,Current
553,HB-T721,4,LL Touring Handlebars,Handlebars,Components,"T ",LL Touring Handlebars,Current
554,HB-T928,4,HL Touring Handlebars,Handlebars,Components,"T ",HL Touring Handlebars,Current
555,FB-9873,6,Front Brakes,Brakes,Components,NULL,Front Brakes,Current
556,CS-4759,8,LL Crankset,Cranksets,Components,NULL,LL Crankset,Current
557,CS-6583,8,ML Crankset,Cranksets,Components,NULL,ML Crankset,Current
558,CS-9183,8,HL Crankset,Cranksets,Components,NULL,HL Crankset,Current
559,CH-0234,7,Chain,Chains,Components,NULL,Chain,Current
560,BK-T44U-60,3,"Touring-2000 Blue, 60",Touring Bikes,Bikes,"T ",Touring-2000,Current
561,BK-T79Y-46,3,"Touring-1000 Yellow, 46",Touring Bikes,Bikes,"T ",Touring-1000,Current
562,BK-T79Y-50,3,"Touring-1000 Yellow, 50",Touring Bikes,Bikes,"T ",Touring-1000,Current
563,BK-T79Y-54,3,"Touring-1000 Yellow, 54",Touring Bikes,Bikes,"T ",Touring-1000,Current
564,BK-T79Y-60,3,"Touring-1000 Yellow, 60",Touring Bikes,Bikes,"T ",Touring-1000,Current
565,BK-T18U-54,3,"Touring-3000 Blue, 54",Touring Bikes,Bikes,"T ",Touring-3000,Current
566,BK-T18U-58,3,"Touring-3000 Blue, 58",Touring Bikes,Bikes,"T ",Touring-3000,Current
567,BK-T18U-62,3,"Touring-3000 Blue, 62",Touring Bikes,Bikes,"T ",Touring-3000,Current
568,BK-T18Y-44,3,"Touring-3000 Yellow, 44",Touring Bikes,Bikes,"T ",Touring-3000,Current
569,BK-T18Y-50,3,"Touring-3000 Yellow, 50",Touring Bikes,Bikes,"T ",Touring-3000,Current
570,BK-T18Y-54,3,"Touring-3000 Yellow, 54",Touring Bikes,Bikes,"T ",Touring-3000,Current
571,BK-T18Y-58,3,"Touring-3000 Yellow, 58",Touring Bikes,Bikes,"T ",Touring-3000,Current
572,BK-T18Y-62,3,"Touring-3000 Yellow, 62",Touring Bikes,Bikes,"T ",Touring-3000,Current
573,BK-T79U-46,3,"Touring-1000 Blue, 46",Touring Bikes,Bikes,"T ",Touring-1000,Current
574,BK-T79U-50,3,"Touring-1000 Blue, 50",Touring Bikes,Bikes,"T ",Touring-1000,Current
575,BK-T79U-54,3,"Touring-1000 Blue, 54",Touring Bikes,Bikes,"T ",Touring-1000,Current
576,BK-T79U-60,3,"Touring-1000 Blue, 60",Touring Bikes,Bikes,"T ",Touring-1000,Current
577,BK-T44U-46,3,"Touring-2000 Blue, 46",Touring Bikes,Bikes,"T ",Touring-2000,Current
578,BK-T44U-50,3,"Touring-2000 Blue, 50",Touring Bikes,Bikes,"T ",Touring-2000,Current
579,BK-T44U-54,3,"Touring-2000 Blue, 54",Touring Bikes,Bikes,"T ",Touring-2000,Current
580,BK-R79Y-40,2,"Road-350-W Yellow, 40",Road Bikes,Bikes,"R ",Road-350-W,Current
581,BK-R79Y-42,2,"Road-350-W Yellow, 42",Road Bikes,Bikes,"R ",Road-350-W,Current
582,BK-R79Y-44,2,"Road-350-W Yellow, 44",Road Bikes,Bikes,"R ",Road-350-W,Current
583,BK-R79Y-48,2,"Road-350-W Yellow, 48",Road Bikes,Bikes,"R ",Road-350-W,Current
584,BK-R19B-58,2,"Road-750 Black, 58",Road Bikes,Bikes,"R ",Road-750,Current
585,BK-T18U-44,3,"Touring-3000 Blue, 44",Touring Bikes,Bikes,"T ",Touring-3000,Current
586,BK-T18U-50,3,"Touring-3000 Blue, 50",Touring Bikes,Bikes,"T ",Touring-3000,Current
587,BK-M38S-38,1,"Mountain-400-W Silver, 38",Mountain Bikes,Bikes,"M ",Mountain-400-W,Current
588,BK-M38S-40,1,"Mountain-400-W Silver, 40",Mountain Bikes,Bikes,"M ",Mountain-400-W,Current
589,BK-M38S-42,1,"Mountain-400-W Silver, 42",Mountain Bikes,Bikes,"M ",Mountain-400-W,Current
590,BK-M38S-46,1,"Mountain-400-W Silver, 46",Mountain Bikes,Bikes,"M ",Mountain-400-W,Current
591,BK-M18S-40,1,"Mountain-500 Silver, 40",Mountain Bikes,Bikes,"M ",Mountain-500,Current
592,BK-M18S-42,1,"Mountain-500 Silver, 42",Mountain Bikes,Bikes,"M ",Mountain-500,Current
593,BK-M18S-44,1,"Mountain-500 Silver, 44",Mountain Bikes,Bikes,"M ",Mountain-500,Current
594,BK-M18S-48,1,"Mountain-500 Silver, 48",Mountain Bikes,Bikes,"M ",Mountain-500,Current
595,BK-M18S-52,1,"Mountain-500 Silver, 52",Mountain Bikes,Bikes,"M ",Mountain-500,Current
596,BK-M18B-40,1,"Mountain-500 Black, 40",Mountain Bikes,Bikes,"M ",Mountain-500,Current
597,BK-M18B-42,1,"Mountain-500 Black, 42",Mountain Bikes,Bikes,"M ",Mountain-500,Current
598,BK-M18B-44,1,"Mountain-500 Black, 44",Mountain Bikes,Bikes,"M ",Mountain-500,Current
599,BK-M18B-48,1,"Mountain-500 Black, 48",Mountain Bikes,Bikes,"M ",Mountain-500,Current
600,BK-M18B-52,1,"Mountain-500 Black, 52",Mountain Bikes,Bikes,"M ",Mountain-500,Current
601,BB-7421,5,LL Bottom Bracket,Bottom Brackets,Components,NULL,LL Bottom Bracket,Current
602,BB-8107,5,ML Bottom Bracket,Bottom Brackets,Components,NULL,ML Bottom Bracket,Current
603,BB-9108,5,HL Bottom Bracket,Bottom Brackets,Components,NULL,HL Bottom Bracket,Current
604,BK-R19B-44,2,"Road-750 Black, 44",Road Bikes,Bikes,"R ",Road-750,Current
605,BK-R19B-48,2,"Road-750 Black, 48",Road Bikes,Bikes,"R ",Road-750,Current
606,BK-R19B-52,2,"Road-750 Black, 52",Road Bikes,Bikes,"R ",Road-750,Current
